paper_id,gogle_scholar_link,index,value,citations
twitter,https://scholar.google.com/citations?view_op=view_citation&hl=en&user=L_O2kH0AAAAJ&cstart=20&pagesize=80&citation_for_view=L_O2kH0AAAAJ:F2UWTTQJPOcC,,,
autopause,https://scholar.google.com/citations?view_op=view_citation&hl=en&user=L_O2kH0AAAAJ&cstart=20&pagesize=80&citation_for_view=L_O2kH0AAAAJ:kJDgFkosVoMC,,,
schumpeter,https://scholar.google.com/citations?view_op=view_citation&hl=en&user=L_O2kH0AAAAJ&cstart=20&pagesize=80&citation_for_view=L_O2kH0AAAAJ:w0F2JDEymm0C,,,
uber_price," https://scholar.google.com/citations?view_op=view_citation&hl=en&user=L_O2kH0AAAAJ&citation_for_view=L_O2kH0AAAAJ:oi2SiIJ9l4AC",,,
minimum_wage,https://scholar.google.com/citations?view_op=view_citation&hl=en&user=L_O2kH0AAAAJ&pagesize=80&citation_for_view=L_O2kH0AAAAJ:-7ulzOJl1JYC,,,
airbnb,https://scholar.google.com/citations?view_op=view_citation&hl=en&user=L_O2kH0AAAAJ&pagesize=80&citation_for_view=L_O2kH0AAAAJ:XUvXOeBm_78C,,,
hot_towel,https://scholar.google.com/citations?view_op=view_citation&hl=en&user=fhLHgd8AAAAJ&cstart=20&pagesize=80&citation_for_view=fhLHgd8AAAAJ:8AbLer7MMksC,6.0,"(//div [@class='gsc_oci_value'])[5]",
WageHistory,https://scholar.google.com/citations?view_op=view_citation&hl=en&user=L_O2kH0AAAAJ&pagesize=80&citation_for_view=L_O2kH0AAAAJ:Dem6FJhTUoYC,,,
search_ad_exp,https://scholar.google.com/citations?view_op=view_citation&hl=en&user=L_O2kH0AAAAJ&pagesize=80&citation_for_view=L_O2kH0AAAAJ:RoXSNcbkSzsC,,,
longrun,https://scholar.google.com/citations?view_op=view_citation&hl=en&user=L_O2kH0AAAAJ&pagesize=80&citation_for_view=L_O2kH0AAAAJ:yxmsSjX2EkcC,,,
badging,https://scholar.google.com/citations?view_op=view_citation&hl=en&user=L_O2kH0AAAAJ&pagesize=80&citation_for_view=L_O2kH0AAAAJ:OBSaB-F7qqsC,,,
scs,https://scholar.google.com/citations?view_op=view_citation&hl=en&user=L_O2kH0AAAAJ&pagesize=80&citation_for_view=L_O2kH0AAAAJ:1yWc8FF-_SYC,,,
online_laboratory,https://scholar.google.com/citations?view_op=view_citation&hl=en&user=L_O2kH0AAAAJ&citation_for_view=L_O2kH0AAAAJ:u-x6o8ySG0sC,,,
crowdwork,https://scholar.google.com/citations?view_op=view_citation&hl=en&user=L_O2kH0AAAAJ&citation_for_view=L_O2kH0AAAAJ:KlAtU1dfN6UC,,,
spot,https://scholar.google.com/citations?view_op=view_citation&hl=en&user=L_O2kH0AAAAJ&citation_for_view=L_O2kH0AAAAJ:AXkvAH5U_nMC,,,
sharing,https://scholar.google.com/citations?view_op=view_citation&hl=en&user=L_O2kH0AAAAJ&citation_for_view=L_O2kH0AAAAJ:rHJHxKgnXwkC,,,
flows,https://scholar.google.com/citations?view_op=view_citation&hl=en&user=L_O2kH0AAAAJ&citation_for_view=L_O2kH0AAAAJ:PyEswDtIyv0C,,,
microscope,https://scholar.google.com/citations?view_op=view_citation&hl=en&user=L_O2kH0AAAAJ&citation_for_view=L_O2kH0AAAAJ:LPtt_HFRSbwC,,,
covid,https://scholar.google.com/citations?view_op=view_citation&hl=en&user=L_O2kH0AAAAJ&citation_for_view=L_O2kH0AAAAJ:w1MjKQ0l0TYC,,,
turking,https://scholar.google.com/citations?view_op=view_citation&hl=en&user=L_O2kH0AAAAJ&citation_for_view=L_O2kH0AAAAJ:2osOgNQ5qMEC,,,
task,https://scholar.google.com/citations?view_op=view_citation&hl=en&user=L_O2kH0AAAAJ&citation_for_view=L_O2kH0AAAAJ:d1gkVwhDpl0C,,,
paid_crowdsourcing,https://scholar.google.com/citations?view_op=view_citation&hl=en&user=L_O2kH0AAAAJ&citation_for_view=L_O2kH0AAAAJ:u5HHmVD_uO8C,,,
raters,https://scholar.google.com/citations?view_op=view_citation&hl=en&user=L_O2kH0AAAAJ&citation_for_view=L_O2kH0AAAAJ:UeHWp8X0CEIC,,,
olm,https://scholar.google.com/citations?view_op=view_citation&hl=en&user=L_O2kH0AAAAJ&citation_for_view=L_O2kH0AAAAJ:qjMakFHDy7sC,,,
employer_search,https://scholar.google.com/citations?view_op=view_citation&hl=en&user=L_O2kH0AAAAJ&citation_for_view=L_O2kH0AAAAJ:6bLC7aUMtPcC,,,
russia,https://scholar.google.com/citations?view_op=view_citation&hl=en&user=L_O2kH0AAAAJ&cstart=20&pagesize=80&citation_for_view=L_O2kH0AAAAJ:U_HPUtbDl20C,,,
fruitfly,https://scholar.google.com/citations?view_op=view_citation&hl=en&user=L_O2kH0AAAAJ&cstart=20&pagesize=80&citation_for_view=L_O2kH0AAAAJ:_FxGoFyzp5QC,,,
head_in_clouds,https://scholar.google.com/citations?view_op=view_citation&hl=en&user=L_O2kH0AAAAJ&cstart=20&pagesize=80&citation_for_view=L_O2kH0AAAAJ:0EnyYjriUFMC,,,
standardization,https://scholar.google.com/citations?view_op=view_citation&hl=en&user=L_O2kH0AAAAJ&cstart=20&pagesize=80&citation_for_view=L_O2kH0AAAAJ:Tyk-4Ss8FVUC,,,
peer_effects,https://scholar.google.com/citations?view_op=view_citation&hl=en&user=L_O2kH0AAAAJ&cstart=20&pagesize=80&citation_for_view=L_O2kH0AAAAJ:-95Q15plzcUC,,,
allocation,https://scholar.google.com/citations?view_op=view_citation&hl=en&user=L_O2kH0AAAAJ&cstart=20&pagesize=80&citation_for_view=L_O2kH0AAAAJ:roLk4NBRz8UC,7.0,"(//div [@class='gsc_oci_value'])[6]",
