order,title,published,status,id,google_scholar,has_slides,alternate_url
-1,"Generative AI and Labor Market Matching Efficiency",0,"R&R, Management Science",jobot,,,
0,"Coasean Sinularity: The Coasean Singularity? Demand, Supply, and Market Design with AI Agents",1,"Working paper",cs,,,
1,"General Social Agents",0,"R&R at Econometrica",gsa,,,
2,"Automated social science: Language models as scientist and subject",0,"Working paper",ass,https://scholar.google.com/citations?view_op=view_citation&hl=en&user=L_O2kH0AAAAJ&cstart=20&pagesize=80&citation_for_view=L_O2kH0AAAAJ:NxmKEeNBbOMC,,
3,"Large language models as economic agents: what can we learn from homo silicus?",0,"R&R at Review of Economics and Statistics",llm_ask,https://scholar.google.com/citations?view_op=view_citation&hl=en&user=L_O2kH0AAAAJ&cstart=20&pagesize=80&citation_for_view=L_O2kH0AAAAJ:YlPif8NxrbYC,15.0,
4,"The death of a technical skill",1,"Information Systems Research",schumpeter,https://scholar.google.com/citations?view_op=view_citation&hl=en&user=L_O2kH0AAAAJ&cstart=20&pagesize=80&citation_for_view=L_O2kH0AAAAJ:w0F2JDEymm0C,23.0,
5,"Algorithmic writing assistance on jobseekers resumes increases hires",1,"Management Science",grammarly,https://scholar.google.com/citations?view_op=view_citation&hl=en&user=L_O2kH0AAAAJ&cstart=20&pagesize=80&citation_for_view=L_O2kH0AAAAJ:wE-fMHVdjMkC,9.0,
6,"Price floors and employer preferences: evidence from a minimum wage experiment",1,"American Economic Review",minimum_wage,https://scholar.google.com/citations?view_op=view_citation&hl=en&user=L_O2kH0AAAAJ&pagesize=80&citation_for_view=L_O2kH0AAAAJ:-7ulzOJl1JYC,12.0,
7,"Reducing Congestion in Labor Markets: A Case Study in Simple Market Design",0,"R&R, American Economic Journal - Micro",autopause,https://scholar.google.com/citations?view_op=view_citation&hl=en&user=L_O2kH0AAAAJ&cstart=20&pagesize=80&citation_for_view=L_O2kH0AAAAJ:kJDgFkosVoMC,5.0,
8,"The tragedy of your upstairs neighbors",0,"R&R at Journal of Public Economics",airbnb,https://scholar.google.com/citations?view_op=view_citation&hl=en&user=L_O2kH0AAAAJ&pagesize=80&citation_for_view=L_O2kH0AAAAJ:XUvXOeBm_78C,,
9,"Consumer demand with social influences: evidence from an e-commerce platform",1,"Management Science",baller,https://scholar.google.com/citations?view_op=view_citation&hl=en&user=L_O2kH0AAAAJ&cstart=20&pagesize=80&citation_for_view=L_O2kH0AAAAJ:zdjWy_NXXwUC,,
10,"Information about vacancy congestion redirects job search",1,"Management Science",facebook,https://scholar.google.com/citations?view_op=view_citation&hl=en&user=L_O2kH0AAAAJ&cstart=20&pagesize=80&citation_for_view=L_O2kH0AAAAJ:2ywjKiB__4kC,,https://andreyfradkin.com/assets/fb_congestion.pdf
11,"The production and consumption of social media",0,"Management Science",twitter,https://scholar.google.com/citations?view_op=view_citation&hl=en&user=L_O2kH0AAAAJ&cstart=20&pagesize=80&citation_for_view=L_O2kH0AAAAJ:F2UWTTQJPOcC,28.0,
12,"Costly Capacity Signaling Increases Matching Efficiency: Evidence from a Field Experiment",0,"Management Science",coy,,,
13,"Buyer signaling improves matching: evidence from a field experiment",0,"R&R, AEJ Micro",hot_towel,https://scholar.google.com/citations?view_op=view_citation&hl=en&user=fhLHgd8AAAAJ&cstart=20&pagesize=80&citation_for_view=fhLHgd8AAAAJ:8AbLer7MMksC,8.0,
14,"Ride-sharing markets re-equilibrate",0,"R&R, Journal of Economics and Management Strategy",uber_price," https://scholar.google.com/citations?view_op=view_citation&hl=en&user=L_O2kH0AAAAJ&citation_for_view=L_O2kH0AAAAJ:oi2SiIJ9l4AC",30.0,
15,"The effects of algorithmic labor market recommendations: evidence from a field experiment",1,"Journal of Labor Economics",employer_search,https://scholar.google.com/citations?view_op=view_citation&hl=en&user=L_O2kH0AAAAJ&citation_for_view=L_O2kH0AAAAJ:6bLC7aUMtPcC,4.0,
16,"Labor allocation in paid crowdsourcing: experimental evidence on positioning, nudges and prices",1,HCOMP,allocation,https://scholar.google.com/citations?view_op=view_citation&hl=en&user=L_O2kH0AAAAJ&cstart=20&pagesize=80&citation_for_view=L_O2kH0AAAAJ:roLk4NBRz8UC,2.0,
17,"Covid-19 and remote work: an early look at us data",0,"Working paper",covid,https://scholar.google.com/citations?view_op=view_citation&hl=en&user=L_O2kH0AAAAJ&citation_for_view=L_O2kH0AAAAJ:w1MjKQ0l0TYC,,
18,"Wielding peer effects in online production: evidence from a series of field experiments",0,"Working paper",peer_effects,https://scholar.google.com/citations?view_op=view_citation&hl=en&user=L_O2kH0AAAAJ&cstart=20&pagesize=80&citation_for_view=L_O2kH0AAAAJ:-95Q15plzcUC,,
19,"The ruble collapse in an online marketplace: some lessons for market designers",0,"R&R, Journal of Labor Economics",russia,https://scholar.google.com/citations?view_op=view_citation&hl=en&user=L_O2kH0AAAAJ&cstart=20&pagesize=80&citation_for_view=L_O2kH0AAAAJ:U_HPUtbDl20C,18.0,
20,"Steering in online markets: the role of platform incentives and credibility",1,"Management Science",badging,https://scholar.google.com/citations?view_op=view_citation&hl=en&user=L_O2kH0AAAAJ&pagesize=80&citation_for_view=L_O2kH0AAAAJ:OBSaB-F7qqsC,6.0,
21,"The future of crowd work",1,"ACM-CSCW 2013",crowdwork,https://scholar.google.com/citations?view_op=view_citation&hl=en&user=L_O2kH0AAAAJ&citation_for_view=L_O2kH0AAAAJ:KlAtU1dfN6UC,,
22,"Digital labor markets and global talent flows",1,"Book Chapter",flows,https://scholar.google.com/citations?view_op=view_citation&hl=en&user=L_O2kH0AAAAJ&citation_for_view=L_O2kH0AAAAJ:PyEswDtIyv0C,,
23,"The dot-guessing game: a ‘fruit fly’for human computation research",1,"Working paper",fruitfly,https://scholar.google.com/citations?view_op=view_citation&hl=en&user=L_O2kH0AAAAJ&cstart=20&pagesize=80&citation_for_view=L_O2kH0AAAAJ:_FxGoFyzp5QC,,
24,"Head in the clouds: challenges and opportunities in crowdsourcing",1,"ACM Crossroads ",head_in_clouds,https://scholar.google.com/citations?view_op=view_citation&hl=en&user=L_O2kH0AAAAJ&cstart=20&pagesize=80&citation_for_view=L_O2kH0AAAAJ:0EnyYjriUFMC,,
25,"Reputation inflation",1,"Marketing Science",longrun,https://scholar.google.com/citations?view_op=view_citation&hl=en&user=L_O2kH0AAAAJ&pagesize=80&citation_for_view=L_O2kH0AAAAJ:yxmsSjX2EkcC,11.0,
26,"Labor economists get their microscope: big data and labor market analysis",1,"Big Data",microscope,https://scholar.google.com/citations?view_op=view_citation&hl=en&user=L_O2kH0AAAAJ&citation_for_view=L_O2kH0AAAAJ:LPtt_HFRSbwC,,
27,"Online labor markets",1,WINE,olm,https://scholar.google.com/citations?view_op=view_citation&hl=en&user=L_O2kH0AAAAJ&citation_for_view=L_O2kH0AAAAJ:qjMakFHDy7sC,,
28,"The online laboratory: conducting experiments in a real labor market",1,"Experimental Economics",online_laboratory,https://scholar.google.com/citations?view_op=view_citation&hl=en&user=L_O2kH0AAAAJ&citation_for_view=L_O2kH0AAAAJ:u-x6o8ySG0sC,14.0,
29,"The labor economics of paid crowdsourcing",1,ACM-EC,paid_crowdsourcing,https://scholar.google.com/citations?view_op=view_citation&hl=en&user=L_O2kH0AAAAJ&citation_for_view=L_O2kH0AAAAJ:u5HHmVD_uO8C,27.0,
30,"Designing incentives for inexpert raters",1,"ACM-CSCW 2011",raters,https://scholar.google.com/citations?view_op=view_citation&hl=en&user=L_O2kH0AAAAJ&citation_for_view=L_O2kH0AAAAJ:UeHWp8X0CEIC,,
31,"Buyer uncertainty about seller capacity: causes, consequences, and a partial solution",1,"Management Science",scs,https://scholar.google.com/citations?view_op=view_citation&hl=en&user=L_O2kH0AAAAJ&pagesize=80&citation_for_view=L_O2kH0AAAAJ:1yWc8FF-_SYC,21.0,
32,"The effects of search advertising on competitors: an experiment before a merger",1,"Management Science",search_ad_exp,https://scholar.google.com/citations?view_op=view_citation&hl=en&user=L_O2kH0AAAAJ&pagesize=80&citation_for_view=L_O2kH0AAAAJ:RoXSNcbkSzsC,19.0,
33,"Owning, using and renting: some simple economics of the sharing economy",1,"Management Science",sharing,https://scholar.google.com/citations?view_op=view_citation&hl=en&user=L_O2kH0AAAAJ&citation_for_view=L_O2kH0AAAAJ:rHJHxKgnXwkC,20.0,
34,"Are online labor markets spot markets for tasks?",1,"Information Systems Research",spot,https://scholar.google.com/citations?view_op=view_citation&hl=en&user=L_O2kH0AAAAJ&citation_for_view=L_O2kH0AAAAJ:AXkvAH5U_nMC,,
35,"The need for standardization in crowdsourcing",1,"Proceedings of the workshop on crowdsourcing and human computation at CHI",standardization,https://scholar.google.com/citations?view_op=view_citation&hl=en&user=L_O2kH0AAAAJ&cstart=20&pagesize=80&citation_for_view=L_O2kH0AAAAJ:Tyk-4Ss8FVUC,,
36,"Task search in a human computation market",1,"HCOMP 2010",task,https://scholar.google.com/citations?view_op=view_citation&hl=en&user=L_O2kH0AAAAJ&citation_for_view=L_O2kH0AAAAJ:d1gkVwhDpl0C,26.0,
37,"The condition of the turking class: are online employers fair and honest?",1,"Economic Letters",turking,https://scholar.google.com/citations?view_op=view_citation&hl=en&user=L_O2kH0AAAAJ&citation_for_view=L_O2kH0AAAAJ:2osOgNQ5qMEC,,
38,"How do employers use compensation history: evidence from a field experiment",1,"Journal of Labor Economics",WageHistory,https://scholar.google.com/citations?view_op=view_citation&hl=en&user=L_O2kH0AAAAJ&pagesize=80&citation_for_view=L_O2kH0AAAAJ:Dem6FJhTUoYC,31.0,
